vehicle_id,model,fuel_type,start_time,end_time,start_lat,start_lon,end_lat,end_lon,distance,distance_city,distance_highway,speed,acceleration,CO2,NOx,PMx
carro_1000,HBEFA4/PC_petrol_Euro-6ab,Gasoline,2026-03-14 17:27:28,2026-03-14 17:27:28,40.775643606471235,-73.96068698429804,40.775643606471235,-73.96068698429804,0.0,0.0,0.0,0.0,0.0,1.415,0.000435,1.3e-05
carro_1000,HBEFA4/PC_petrol_Euro-6ab,Gasoline,2026-03-14 17:27:28,2026-03-14 17:27:28,40.775643606471235,-73.96068698429804,40.77563406225373,-73.96069292445529,0.001153,0.001153,0.0,4.152015331294388,1.1533375920262188,3.994963,0.00153,6e-05
carro_1000,HBEFA4/PC_petrol_Euro-6ab,Gasoline,2026-03-14 17:27:28,2026-03-14 17:27:28,40.775643606471235,-73.96068698429804,40.775606913219356,-73.96070371255955,0.004273,0.004273,0.0,11.230498373229057,1.966245289426297,7.87197,0.003112,0.000164
carro_1000,HBEFA4/PC_petrol_Euro-6ab,Gasoline,2026-03-14 17:27:28,2026-03-14 17:27:28,40.775643606471235,-73.96068698429804,40.7755678965048,-73.96072234714664,0.00885,0.00885,0.0,16.47821497069672,1.457699054852128,11.436571,0.004426,0.000304
carro_1000,HBEFA4/PC_petrol_Euro-6ab,Gasoline,2026-03-14 17:27:28,2026-03-14 17:27:28,40.775643606471235,-73.96068698429804,40.775523637795224,-73.96075401229827,0.014443,0.014443,0.0,20.135124293714764,1.01580814528279,14.548486,0.005501,0.00047
carro_1000,HBEFA4/PC_petrol_Euro-6ab,Gasoline,2026-03-14 17:27:28,2026-03-14 17:27:28,40.775643606471235,-73.96068698429804,40.77546431204562,-73.96079645717414,0.02194,0.02194,0.0,26.989739480987193,1.9040597742423415,19.627469,0.007151,0.000693
carro_1000,HBEFA4/PC_petrol_Euro-6ab,Gasoline,2026-03-14 17:27:28,2026-03-14 17:27:28,40.775643606471235,-73.96068698429804,40.77539179838551,-73.96084833727996,0.031104,0.031104,0.0,32.98945533307269,1.666587736690417,24.781832,0.008709,0.000961
carro_1000,HBEFA4/PC_petrol_Euro-6ab,Gasoline,2026-03-14 17:27:28,2026-03-14 17:27:28,40.775643606471235,-73.96068698429804,40.775310040745545,-73.96090683085895,0.041436,0.041436,0.0,37.19490914018825,1.1681816130876541,29.179945,0.009985,0.00126
carro_1000,HBEFA4/PC_petrol_Euro-6ab,Gasoline,2026-03-14 17:27:28,2026-03-14 17:27:28,40.775643606471235,-73.96068698429804,40.7752184898212,-73.96097233085264,0.053006,0.053006,0.0,41.650258960592254,1.2375971723344463,34.076043,0.011346,0.001596
carro_1000,HBEFA4/PC_petrol_Euro-6ab,Gasoline,2026-03-14 17:27:28,2026-03-14 17:27:28,40.775643606471235,-73.96068698429804,40.77512487589565,-73.96103930659984,0.064836,0.064836,0.0,42.588783360196906,0.2607012221124023,36.549829,0.012057,0.001934
carro_1000,HBEFA4/PC_petrol_Euro-6ab,Gasoline,2026-03-14 17:27:28,2026-03-14 17:27:28,40.775643606471235,-73.96068698429804,40.775038193619196,-73.96112270838223,0.076883,0.076883,0.0,43.368579292314756,0.2166099811438471,38.932783,0.01274,0.002278
carro_1000,HBEFA4/PC_petrol_Euro-6ab,Gasoline,2026-03-14 17:27:28,2026-03-14 17:27:28,40.775643606471235,-73.96068698429804,40.77493299864423,-73.96115673416001,0.088526,0.088526,0.0,41.91736472362529,-0.403115157969296,38.932783,0.01274,0.002278
carro_1000,HBEFA4/PC_petrol_Euro-6ab,Gasoline,2026-03-14 17:27:28,2026-03-14 17:27:28,40.775643606471235,-73.96068698429804,40.77482439660303,-73.9611932267541,0.100551,0.100551,0.0,43.28846263104926,0.3808605298399925,41.739133,0.013535,0.002623
carro_1000,HBEFA4/PC_petrol_Euro-6ab,Gasoline,2026-03-14 17:27:28,2026-03-14 17:27:28,40.775643606471235,-73.96068698429804,40.77472936923773,-73.9612631703151,0.11264,0.11264,0.0,43.5201495072047,0.06435746559873223,43.73,0.014116,0.002968
carro_1000,HBEFA4/PC_petrol_Euro-6ab,Gasoline,2026-03-14 17:27:28,2026-03-14 17:27:28,40.775643606471235,-73.96068698429804,40.774634665016784,-73.96133287579599,0.124688,0.124688,0.0,43.372136382589744,-0.04111475683748722,45.444046,0.014625,0.003311
carro_1000,HBEFA4/PC_petrol_Euro-6ab,Gasoline,2026-03-14 17:27:28,2026-03-14 17:27:28,40.775643606471235,-73.96068698429804,40.77453947572265,-73.96140293807137,0.136797,0.136797,0.0,43.594266369490576,0.061702774139121175,47.429517,0.015205,0.003656
carro_1000,HBEFA4/PC_petrol_Euro-6ab,Gasoline,2026-03-14 17:27:28,2026-03-14 17:27:28,40.775643606471235,-73.96068698429804,40.77444537164197,-73.96147220136375,0.148769,0.148769,0.0,43.09724537126596,-0.13806138839572668,48.889159,0.015647,0.003997
carro_1000,HBEFA4/PC_petrol_Euro-6ab,Gasoline,2026-03-14 17:27:28,2026-03-14 17:27:28,40.775643606471235,-73.96068698429804,40.774352022413495,-73.96154048070022,0.160649,0.160649,0.0,42.769917106645806,-0.09092451795004308,50.466482,0.01612,0.004335
carro_1000,HBEFA4/PC_petrol_Euro-6ab,Gasoline,2026-03-14 17:27:28,2026-03-14 17:27:28,40.775643606471235,-73.96068698429804,40.77425645900491,-73.96161001674791,0.172777,0.172777,0.0,43.66138837097089,0.2476309067569673,52.93873,0.016827,0.004682
carro_1000,HBEFA4/PC_petrol_Euro-6ab,Gasoline,2026-03-14 17:27:28,2026-03-14 17:27:28,40.775643606471235,-73.96068698429804,40.77416139296708,-73.96167920337258,0.18484,0.18484,0.0,43.426613900921005,-0.0652151305694133,54.590968,0.017319,0.005026
carro_1000,HBEFA4/PC_petrol_Euro-6ab,Gasoline,2026-03-14 17:27:28,2026-03-14 17:27:28,40.775643606471235,-73.96068698429804,40.77406544452309,-73.96174903195426,0.197015,0.197015,0.0,43.829680146573736,0.11196284601464868,56.712919,0.017934,0.005373
carro_1000,HBEFA4/PC_petrol_Euro-6ab,Gasoline,2026-03-14 17:27:28,2026-03-14 17:27:28,40.775643606471235,-73.96068698429804,40.77396911119879,-73.96181914040295,0.209239,0.209239,0.0,44.00547393506269,0.04883160791359842,58.673015,0.018506,0.005722
carro_1000,HBEFA4/PC_petrol_Euro-6ab,Gasoline,2026-03-14 17:27:28,2026-03-14 17:27:28,40.775643606471235,-73.96068698429804,40.77387786290276,-73.96188554790352,0.220817,0.220817,0.0,41.68259165502961,-0.6452450777869672,58.673015,0.018506,0.005722
carro_1000,HBEFA4/PC_petrol_Euro-6ab,Gasoline,2026-03-14 17:27:28,2026-03-14 17:27:28,40.775643606471235,-73.96068698429804,40.773790729353294,-73.9619489606275,0.231874,0.231874,0.0,39.80294089556331,-0.5221252109628605,58.673015,0.018506,0.005722
carro_1000,HBEFA4/PC_petrol_Euro-6ab,Gasoline,2026-03-14 17:27:28,2026-03-14 17:27:28,40.775643606471235,-73.96068698429804,40.77373439144275,-73.96197798648303,0.238699,0.238699,0.0,24.57171136174942,-4.230897092726082,58.673015,0.018506,0.005722
carro_1000,HBEFA4/PC_petrol_Euro-6ab,Gasoline,2026-03-14 17:27:28,2026-03-14 17:27:28,40.775643606471235,-73.96068698429804,40.77369748166494,-73.96194280633839,0.24405,0.24405,0.0,0.0,0.0,60.088015,0.018941,0.005735
carro_1000,HBEFA4/PC_petrol_Euro-6ab,Gasoline,2026-03-14 17:27:28,2026-03-14 17:27:28,40.775643606471235,-73.96068698429804,40.77369212672552,-73.96192641158927,0.245555,0.245555,0.0,5.41943406611681,1.5053983516991138,63.082541,0.020239,0.005793
carro_1000,HBEFA4/PC_petrol_Euro-6ab,Gasoline,2026-03-14 17:27:28,2026-03-14 17:27:28,40.775643606471235,-73.96068698429804,40.773683028863644,-73.96188956661054,0.248852,0.248852,0.0,11.868976132851094,1.7915394629817456,66.789898,0.021723,0.005901
carro_1000,HBEFA4/PC_petrol_Euro-6ab,Gasoline,2026-03-14 17:27:28,2026-03-14 17:27:28,40.775643606471235,-73.96068698429804,40.77369105834686,-73.96183863154423,0.253447,0.253447,0.0,16.54190940996632,1.298037021420896,70.133441,0.022945,0.006041
carro_1000,HBEFA4/PC_petrol_Euro-6ab,Gasoline,2026-03-14 17:27:28,2026-03-14 17:27:28,40.775643606471235,-73.96068698429804,40.773750122420374,-73.96183301334298,0.259561,0.259561,0.0,22.007857597153635,1.518318940885365,74.149785,0.024327,0.006223
carro_1000,HBEFA4/PC_petrol_Euro-6ab,Gasoline,2026-03-14 17:27:28,2026-03-14 17:27:28,40.775643606471235,-73.96068698429804,40.77381175037352,-73.96178796642974,0.267388,0.267388,0.0,28.17806382486597,1.713946174364537,78.981338,0.025872,0.006454
carro_1000,HBEFA4/PC_petrol_Euro-6ab,Gasoline,2026-03-14 17:27:28,2026-03-14 17:27:28,40.775643606471235,-73.96068698429804,40.77388889707937,-73.96173157595574,0.277186,0.277186,0.0,35.27369406390935,1.9710083997342736,85.010447,0.027646,0.006742
carro_1000,HBEFA4/PC_petrol_Euro-6ab,Gasoline,2026-03-14 17:27:28,2026-03-14 17:27:28,40.775643606471235,-73.96068698429804,40.77397424712686,-73.96166918906042,0.288026,0.288026,0.0,39.02451401967556,1.041894432157278,89.238652,0.028855,0.007055
carro_1000,HBEFA4/PC_petrol_Euro-6ab,Gasoline,2026-03-14 17:27:28,2026-03-14 17:27:28,40.775643606471235,-73.96068698429804,40.77406810637332,-73.96160058212102,0.299947,0.299947,0.0,42.91518575811635,1.0807421495668876,93.831746,0.030122,0.0074
carro_1000,HBEFA4/PC_petrol_Euro-6ab,Gasoline,2026-03-14 17:27:28,2026-03-14 17:27:28,40.775643606471235,-73.96068698429804,40.77415843840222,-73.96153455320596,0.31142,0.31142,0.0,41.30245825873564,-0.4479798609390855,93.831746,0.030122,0.0074
carro_1000,HBEFA4/PC_petrol_Euro-6ab,Gasoline,2026-03-14 17:27:28,2026-03-14 17:27:28,40.775643606471235,-73.96068698429804,40.77424449627463,-73.9614716483234,0.32235,0.32235,0.0,39.34820589787479,-0.5428478780169037,93.831746,0.030122,0.0074
carro_1000,HBEFA4/PC_petrol_Euro-6ab,Gasoline,2026-03-14 17:27:28,2026-03-14 17:27:28,40.775643606471235,-73.96068698429804,40.77429684040567,-73.96144050582272,0.32878,0.32878,0.0,23.14820589787479,-4.5,93.831746,0.030122,0.0074
carro_1000,HBEFA4/PC_petrol_Euro-6ab,Gasoline,2026-03-14 17:27:28,2026-03-14 17:27:28,40.775643606471235,-73.96068698429804,40.77433420550773,-73.96146420932367,0.333685,0.333685,0.0,17.65676432939107,-1.5254004356899218,93.831746,0.030122,0.0074
carro_1000,HBEFA4/PC_petrol_Euro-6ab,Gasoline,2026-03-14 17:27:28,2026-03-14 17:27:28,40.775643606471235,-73.96068698429804,40.77435579128009,-73.96152864173963,0.339692,0.339692,0.0,21.627529022729494,1.1029901925940067,97.155467,0.031255,0.007578
carro_1000,HBEFA4/PC_petrol_Euro-6ab,Gasoline,2026-03-14 17:27:28,2026-03-14 17:27:28,40.775643606471235,-73.96068698429804,40.77433149517839,-73.96159876709702,0.346786,0.346786,0.0,25.53725465964153,1.0860348991422324,100.660281,0.032399,0.007785
carro_1000,HBEFA4/PC_petrol_Euro-6ab,Gasoline,2026-03-14 17:27:28,2026-03-14 17:27:28,40.775643606471235,-73.96068698429804,40.77426132438534,-73.96164985054844,0.355694,0.355694,0.0,32.069183681435874,1.8144247282762072,106.036549,0.034041,0.008047
carro_1000,HBEFA4/PC_petrol_Euro-6ab,Gasoline,2026-03-14 17:27:28,2026-03-14 17:27:28,40.775643606471235,-73.96068698429804,40.774181424265855,-73.96170798992077,0.365831,0.365831,0.0,36.492429366145274,1.2286793568637222,110.522008,0.035351,0.008341
carro_1000,HBEFA4/PC_petrol_Euro-6ab,Gasoline,2026-03-14 17:27:28,2026-03-14 17:27:28,40.775643606471235,-73.96068698429804,40.774088114610095,-73.9617758865429,0.377669,0.377669,0.0,42.616889195606106,1.701238841516897,116.680338,0.037034,0.008686
carro_1000,HBEFA4/PC_petrol_Euro-6ab,Gasoline,2026-03-14 17:27:28,2026-03-14 17:27:28,40.775643606471235,-73.96068698429804,40.77399177466617,-73.96184598791464,0.389892,0.389892,0.0,44.00087779221933,0.3844412768370056,119.522404,0.037835,0.009036
carro_1000,HBEFA4/PC_petrol_Euro-6ab,Gasoline,2026-03-14 17:27:28,2026-03-14 17:27:28,40.775643606471235,-73.96068698429804,40.773899169564885,-73.96191337141838,0.40164,0.40164,0.0,42.2950610581028,-0.47383798169903457,119.522404,0.037835,0.009036
carro_1000,HBEFA4/PC_petrol_Euro-6ab,Gasoline,2026-03-14 17:27:28,2026-03-14 17:27:28,40.775643606471235,-73.96068698429804,40.773807660507394,-73.96197995717642,0.41325,0.41325,0.0,41.794451166147994,-0.1390583033207804,120.966991,0.038274,0.009366
carro_1000,HBEFA4/PC_petrol_Euro-6ab,Gasoline,2026-03-14 17:27:28,2026-03-14 17:27:28,40.775643606471235,-73.96068698429804,40.77371481505727,-73.96204774305278,0.42505,0.42505,0.0,42.480730994156254,0.1906332855578512,123.258848,0.038936,0.009704
carro_1000,HBEFA4/PC_petrol_Euro-6ab,Gasoline,2026-03-14 17:27:28,2026-03-14 17:27:28,40.775643606471235,-73.96068698429804,40.773606327081296,-73.96208388651924,0.437045,0.437045,0.0,43.18094834295909,0.19450481911189854,125.579343,0.039604,0.010046
carro_1000,HBEFA4/PC_petrol_Euro-6ab,Gasoline,2026-03-14 17:27:28,2026-03-14 17:27:28,40.775643606471235,-73.96068698429804,40.77351463989617,-73.96215113539917,0.4487,0.4487,0.0,41.95831393740948,-0.33962066820822656,125.579343,0.039604,0.010046
carro_1000,HBEFA4/PC_petrol_Euro-6ab,Gasoline,2026-03-14 17:27:28,2026-03-14 17:27:28,40.775643606471235,-73.96068698429804,40.77342530702578,-73.9622166572736,0.460056,0.460056,0.0,40.880902662890655,-0.29928090958856046,125.579343,0.039604,0.010046
carro_1000,HBEFA4/PC_petrol_Euro-6ab,Gasoline,2026-03-14 17:27:28,2026-03-14 17:27:28,40.775643606471235,-73.96068698429804,40.77333605515778,-73.96228211952936,0.471401,0.471401,0.0,40.84381539255257,-0.010302019538357854,127.333023,0.040127,0.010369
carro_1000,HBEFA4/PC_petrol_Euro-6ab,Gasoline,2026-03-14 17:27:28,2026-03-14 17:27:28,40.775643606471235,-73.96068698429804,40.77324724928087,-73.96234725446537,0.48269,0.48269,0.0,40.63970061421271,-0.056698549538850784,128.969573,0.040617,0.010691
carro_1000,HBEFA4/PC_petrol_Euro-6ab,Gasoline,2026-03-14 17:27:28,2026-03-14 17:27:28,40.775643606471235,-73.96068698429804,40.773157948691875,-73.96241275204305,0.494042,0.494042,0.0,40.8660741759638,0.0628815449308604,130.904264,0.041188,0.011014
carro_1000,HBEFA4/PC_petrol_Euro-6ab,Gasoline,2026-03-14 17:27:28,2026-03-14 17:27:28,40.775643606471235,-73.96068698429804,40.77306902717341,-73.96247754122408,0.505332,0.505332,0.0,40.64738418163608,-0.060747220646589994,132.530962,0.041677,0.011335
carro_1000,HBEFA4/PC_petrol_Euro-6ab,Gasoline,2026-03-14 17:27:28,2026-03-14 17:27:28,40.775643606471235,-73.96068698429804,40.772979246181215,-73.96254251761077,0.516716,0.516716,0.0,40.98063655916478,0.09257010486908257,134.541295,0.042268,0.01166
carro_1000,HBEFA4/PC_petrol_Euro-6ab,Gasoline,2026-03-14 17:27:28,2026-03-14 17:27:28,40.775643606471235,-73.96068698429804,40.77288939361019,-73.96260738562844,0.528095,0.528095,0.0,40.96604885581757,-0.0040521398186683655,136.312311,0.042795,0.011984
carro_1000,HBEFA4/PC_petrol_Euro-6ab,Gasoline,2026-03-14 17:27:28,2026-03-14 17:27:28,40.775643606471235,-73.96068698429804,40.77279904172755,-73.9626726139112,0.539538,0.539538,0.0,41.19367921940859,0.06323065655305982,138.254118,0.043367,0.01231
carro_1000,HBEFA4/PC_petrol_Euro-6ab,Gasoline,2026-03-14 17:27:28,2026-03-14 17:27:28,40.775643606471235,-73.96068698429804,40.77270461842103,-73.9627407812797,0.551496,0.551496,0.0,43.049923324416085,0.5156233625020832,141.399338,0.044252,0.012653
carro_1000,HBEFA4/PC_petrol_Euro-6ab,Gasoline,2026-03-14 17:27:28,2026-03-14 17:27:28,40.775643606471235,-73.96068698429804,40.772610681412424,-73.96280859734823,0.563393,0.563393,0.0,42.82818809497978,-0.061593119287863374,143.052693,0.044745,0.012992
carro_1000,HBEFA4/PC_petrol_Euro-6ab,Gasoline,2026-03-14 17:27:28,2026-03-14 17:27:28,40.775643606471235,-73.96068698429804,40.77252021414689,-73.9628739082883,0.57485,0.57485,0.0,41.246228227241886,-0.4394332965938581,143.052693,0.044745,0.012992
carro_1000,HBEFA4/PC_petrol_Euro-6ab,Gasoline,2026-03-14 17:27:28,2026-03-14 17:27:28,40.775643606471235,-73.96068698429804,40.772462933254864,-73.96290442171612,0.581808,0.581808,0.0,25.046228227241887,-4.5,143.052693,0.044745,0.012992
carro_1000,HBEFA4/PC_petrol_Euro-6ab,Gasoline,2026-03-14 17:27:28,2026-03-14 17:27:28,40.775643606471235,-73.96068698429804,40.77242372847064,-73.96286792945267,0.58748,0.58748,0.0,0.0,0.0,144.467693,0.045181,0.013005
carro_1000,HBEFA4/PC_petrol_Euro-6ab,Gasoline,2026-03-14 17:27:28,2026-03-14 17:27:28,40.775643606471235,-73.96068698429804,40.77241831842114,-73.96285161851277,0.588983,0.588983,0.0,5.411299341917038,1.503138706088066,147.459467,0.046477,0.013063
carro_1000,HBEFA4/PC_petrol_Euro-6ab,Gasoline,2026-03-14 17:27:28,2026-03-14 17:27:28,40.775643606471235,-73.96068698429804,40.77240900380835,-73.96281359190861,0.592389,0.592389,0.0,12.26017836285755,1.902466394705698,151.332853,0.048027,0.013174
carro_1000,HBEFA4/PC_petrol_Euro-6ab,Gasoline,2026-03-14 17:27:28,2026-03-14 17:27:28,40.775643606471235,-73.96068698429804,40.772420643049,-73.96276034186506,0.597364,0.597364,0.0,17.91049274476245,1.5695317727513611,155.149368,0.049414,0.013326
carro_1000,HBEFA4/PC_petrol_Euro-6ab,Gasoline,2026-03-14 17:27:28,2026-03-14 17:27:28,40.775643606471235,-73.96068698429804,40.77246797736739,-73.96272151893515,0.603578,0.603578,0.0,22.3699937582016,1.2387502815108746,158.733983,0.050632,0.01351
carro_1000,HBEFA4/PC_petrol_Euro-6ab,Gasoline,2026-03-14 17:27:28,2026-03-14 17:27:28,40.775643606471235,-73.96068698429804,40.7725314661079,-73.96267519164773,0.611637,0.611637,0.0,29.015007528383286,1.8458371583838016,163.889085,0.052265,0.013748
carro_1000,HBEFA4/PC_petrol_Euro-6ab,Gasoline,2026-03-14 17:27:28,2026-03-14 17:27:28,40.775643606471235,-73.96068698429804,40.77260719437499,-73.96261993312795,0.621251,0.621251,0.0,34.60860924515873,1.5537782546598464,168.944333,0.053766,0.014028
carro_1000,HBEFA4/PC_petrol_Euro-6ab,Gasoline,2026-03-14 17:27:28,2026-03-14 17:27:28,40.775643606471235,-73.96068698429804,40.77269284759057,-73.96255743224701,0.632124,0.632124,0.0,39.1444303561002,1.2599503085948527,173.700169,0.055119,0.014343
carro_1000,HBEFA4/PC_petrol_Euro-6ab,Gasoline,2026-03-14 17:27:28,2026-03-14 17:27:28,40.775643606471235,-73.96068698429804,40.77278241087397,-73.96249207799957,0.643494,0.643494,0.0,40.93139103401329,0.4963779660869676,176.707704,0.055979,0.014669
carro_1000,HBEFA4/PC_petrol_Euro-6ab,Gasoline,2026-03-14 17:27:28,2026-03-14 17:27:28,40.775643606471235,-73.96068698429804,40.772876779819484,-73.96242321684102,0.655474,0.655474,0.0,43.127650733402625,0.6100721387192607,180.100286,0.056929,0.015014
carro_1000,HBEFA4/PC_petrol_Euro-6ab,Gasoline,2026-03-14 17:27:28,2026-03-14 17:27:28,40.775643606471235,-73.96068698429804,40.772972509427085,-73.96235337375306,0.667631,0.667631,0.0,43.76442140864085,0.1768807431217283,182.390552,0.057587,0.015361
carro_1000,HBEFA4/PC_petrol_Euro-6ab,Gasoline,2026-03-14 17:27:28,2026-03-14 17:27:28,40.775643606471235,-73.96068698429804,40.77306238165321,-73.96228797622247,0.679025,0.679025,0.0,41.01984110494952,-0.7623834176920354,182.390552,0.057587,0.015361
carro_1000,HBEFA4/PC_petrol_Euro-6ab,Gasoline,2026-03-14 17:27:28,2026-03-14 17:27:28,40.775643606471235,-73.96068698429804,40.773141906398145,-73.96218712783677,0.690968,0.690968,0.0,42.992440821713465,0.5479443657677621,185.61655,0.058494,0.015704
carro_1000,HBEFA4/PC_petrol_Euro-6ab,Gasoline,2026-03-14 17:27:28,2026-03-14 17:27:28,40.775643606471235,-73.96068698429804,40.77323209910708,-73.96212185451795,0.702395,0.702395,0.0,41.13856989081825,-0.5149641474708915,185.61655,0.058494,0.015704
carro_1000,HBEFA4/PC_petrol_Euro-6ab,Gasoline,2026-03-14 17:27:28,2026-03-14 17:27:28,40.775643606471235,-73.96068698429804,40.773323825706456,-73.96205547089507,0.714017,0.714017,0.0,41.838224746863055,0.1943485711235553,187.900942,0.059156,0.016036
carro_1000,HBEFA4/PC_petrol_Euro-6ab,Gasoline,2026-03-14 17:27:28,2026-03-14 17:27:28,40.775643606471235,-73.96068698429804,40.773420174209356,-73.9619857421148,0.726224,0.726224,0.0,43.94638229973491,0.5855993202421814,191.269096,0.060094,0.016387
carro_1000,HBEFA4/PC_petrol_Euro-6ab,Gasoline,2026-03-14 17:27:28,2026-03-14 17:27:28,40.775643606471235,-73.96068698429804,40.773511751814816,-73.96191946588114,0.737827,0.737827,0.0,41.770304882916314,-0.6044659491162747,191.269096,0.060094,0.016387
carro_1000,HBEFA4/PC_petrol_Euro-6ab,Gasoline,2026-03-14 17:27:28,2026-03-14 17:27:28,40.775643606471235,-73.96068698429804,40.77359714450373,-73.96185763061266,0.748648,0.748648,0.0,38.95643446486066,-0.7816306716821266,191.269096,0.060094,0.016387
carro_1000,HBEFA4/PC_petrol_Euro-6ab,Gasoline,2026-03-14 17:27:28,2026-03-14 17:27:28,40.775643606471235,-73.96068698429804,40.7736301658795,-73.96179868890565,0.755249,0.755249,0.0,23.763067620173246,-4.220379679079837,191.269096,0.060094,0.016387
carro_1000,HBEFA4/PC_petrol_Euro-6ab,Gasoline,2026-03-14 17:27:28,2026-03-14 17:27:28,40.775643606471235,-73.96068698429804,40.77360632358599,-73.96172526869246,0.762073,0.762073,0.0,24.56454598262921,0.22263287845999002,193.232629,0.060715,0.016583
carro_1000,HBEFA4/PC_petrol_Euro-6ab,Gasoline,2026-03-14 17:27:28,2026-03-14 17:27:28,40.775643606471235,-73.96068698429804,40.77357134308576,-73.96164238583319,0.770073,0.770073,0.0,28.80134876055658,1.1768896605353802,197.094762,0.061935,0.016816
carro_1000,HBEFA4/PC_petrol_Euro-6ab,Gasoline,2026-03-14 17:27:28,2026-03-14 17:27:28,40.775643606471235,-73.96068698429804,40.77353121788427,-73.96154731338899,0.77925,0.77925,0.0,33.03720168193817,1.1766258114948869,201.227752,0.063184,0.017083
carro_1000,HBEFA4/PC_petrol_Euro-6ab,Gasoline,2026-03-14 17:27:28,2026-03-14 17:27:28,40.775643606471235,-73.96068698429804,40.77348246204496,-73.96143179195805,0.790401,0.790401,0.0,40.14317694298938,1.9738820169586688,207.797729,0.065019,0.017409
carro_1000,HBEFA4/PC_petrol_Euro-6ab,Gasoline,2026-03-14 17:27:28,2026-03-14 17:27:28,40.775643606471235,-73.96068698429804,40.773425600786716,-73.9612970662131,0.803405,0.803405,0.0,46.8166644523108,1.8537465303670615,214.826813,0.066861,0.017789
carro_1000,HBEFA4/PC_petrol_Euro-6ab,Gasoline,2026-03-14 17:27:28,2026-03-14 17:27:28,40.775643606471235,-73.96068698429804,40.77336091613848,-73.96114380463844,0.818199,0.818199,0.0,53.2578901405634,1.789229357847944,222.445428,0.068751,0.018222
carro_1000,HBEFA4/PC_petrol_Euro-6ab,Gasoline,2026-03-14 17:27:28,2026-03-14 17:27:28,40.775643606471235,-73.96068698429804,40.773296247046574,-73.96099058069792,0.83299,0.83299,0.0,53.24491671249815,-0.003603730018124196,224.452513,0.069318,0.018646
carro_1000,HBEFA4/PC_petrol_Euro-6ab,Gasoline,2026-03-14 17:27:28,2026-03-14 17:27:28,40.775643606471235,-73.96068698429804,40.7732324423476,-73.96083940556973,0.847582,0.847582,0.0,52.5330620290766,-0.19773741206154227,225.843823,0.069741,0.019063
carro_1000,HBEFA4/PC_petrol_Euro-6ab,Gasoline,2026-03-14 17:27:28,2026-03-14 17:27:28,40.775643606471235,-73.96068698429804,40.77316955314394,-73.96069040030132,0.861965,0.861965,0.0,51.77913934728676,-0.2094229671638459,227.191028,0.070153,0.019475
carro_1000,HBEFA4/PC_petrol_Euro-6ab,Gasoline,2026-03-14 17:27:28,2026-03-14 17:27:28,40.775643606471235,-73.96068698429804,40.77311141563171,-73.96055265400959,0.875262,0.875262,0.0,47.866747143386235,-1.0867756121945895,227.191028,0.070153,0.019475
carro_1000,HBEFA4/PC_petrol_Euro-6ab,Gasoline,2026-03-14 17:27:28,2026-03-14 17:27:28,40.775643606471235,-73.96068698429804,40.77307295406345,-73.96046152664314,0.884058,0.884058,0.0,31.66674714338623,-4.5,227.191028,0.070153,0.019475
carro_1000,HBEFA4/PC_petrol_Euro-6ab,Gasoline,2026-03-14 17:27:28,2026-03-14 17:27:28,40.775643606471235,-73.96068698429804,40.7730542692581,-73.96041694543482,0.888354,0.888354,0.0,15.466747143386232,-4.5,227.191028,0.070153,0.019475
carro_1000,HBEFA4/PC_petrol_Euro-6ab,Gasoline,2026-03-14 17:27:28,2026-03-14 17:27:28,40.775643606471235,-73.96068698429804,40.773017348163926,-73.96037620428406,0.893972,0.893972,0.0,20.22322917188175,1.3212450079154223,230.780292,0.071408,0.019643
carro_1000,HBEFA4/PC_petrol_Euro-6ab,Gasoline,2026-03-14 17:27:28,2026-03-14 17:27:28,40.775643606471235,-73.96068698429804,40.77295904746093,-73.96040326984256,0.901008,0.901008,0.0,25.32957377572805,1.418429056623972,234.857208,0.072751,0.01985
carro_1000,HBEFA4/PC_petrol_Euro-6ab,Gasoline,2026-03-14 17:27:28,2026-03-14 17:27:28,40.775643606471235,-73.96068698429804,40.77289365429912,-73.96045062200533,0.909295,0.909295,0.0,29.833879798271507,1.2511961173731825,238.928659,0.074024,0.020092
carro_1000,HBEFA4/PC_petrol_Euro-6ab,Gasoline,2026-03-14 17:27:28,2026-03-14 17:27:28,40.775643606471235,-73.96068698429804,40.77281904387119,-73.9605046483944,0.91875,0.91875,0.0,34.03899889587686,1.1680886382237077,243.110247,0.075276,0.020366
carro_1000,HBEFA4/PC_petrol_Euro-6ab,Gasoline,2026-03-14 17:27:28,2026-03-14 17:27:28,40.775643606471235,-73.96068698429804,40.772732585312696,-73.96056725399234,0.929707,0.929707,0.0,39.444373646278684,1.501492986222729,248.468444,0.07679,0.020685
carro_1000,HBEFA4/PC_petrol_Euro-6ab,Gasoline,2026-03-14 17:27:28,2026-03-14 17:27:28,40.775643606471235,-73.96068698429804,40.772640578432146,-73.96063387698189,0.941367,0.941367,0.0,41.97562652874614,0.703125800685406,252.040889,0.077795,0.02102
carro_1000,HBEFA4/PC_petrol_Euro-6ab,Gasoline,2026-03-14 17:27:28,2026-03-14 17:27:28,40.775643606471235,-73.96068698429804,40.772545742427816,-73.96070254833849,0.953385,0.953385,0.0,43.26631686335306,0.3585250929463655,254.78857,0.078575,0.021365
carro_1000,HBEFA4/PC_petrol_Euro-6ab,Gasoline,2026-03-14 17:27:28,2026-03-14 17:27:28,40.775643606471235,-73.96068698429804,40.77244933115995,-73.960772360118,0.965603,0.965603,0.0,43.98496655870105,0.19962491537444293,257.144452,0.07925,0.021714
carro_1000,HBEFA4/PC_petrol_Euro-6ab,Gasoline,2026-03-14 17:27:28,2026-03-14 17:27:28,40.775643606471235,-73.96068698429804,40.772355457882384,-73.96084095995826,0.977648,0.977648,0.0,43.36255849163856,-0.17289112973958254,258.51635,0.079669,0.022056
carro_1000,HBEFA4/PC_petrol_Euro-6ab,Gasoline,2026-03-14 17:27:28,2026-03-14 17:27:28,40.775643606471235,-73.96068698429804,40.7722475711949,-73.96087766887919,0.989513,0.989513,0.0,42.71083012578885,-0.1810356571804732,259.862092,0.080081,0.022394
carro_1000,HBEFA4/PC_petrol_Euro-6ab,Gasoline,2026-03-14 17:27:28,2026-03-14 17:27:28,40.775643606471235,-73.96068698429804,40.7721588638546,-73.96089977465502,0.999015,0.999015,0.0,34.20770610608692,-2.3619788943616484,259.862092,0.080081,0.022394
carro_1000,HBEFA4/PC_petrol_Euro-6ab,Gasoline,2026-03-14 17:27:28,2026-03-14 17:27:28,40.775643606471235,-73.96068698429804,40.77206892820886,-73.96096628938223,1.010468,1.010468,0.0,41.23229654906849,1.9512751230504364,266.500384,0.081915,0.022729
carro_1000,HBEFA4/PC_petrol_Euro-6ab,Gasoline,2026-03-14 17:27:28,2026-03-14 17:27:28,40.775643606471235,-73.96068698429804,40.77197906687922,-73.96103274893476,1.021912,1.021912,0.0,41.19820606738205,-0.009469578246232402,268.261591,0.082439,0.023055
carro_1000,HBEFA4/PC_petrol_Euro-6ab,Gasoline,2026-03-14 17:27:28,2026-03-14 17:27:28,40.775643606471235,-73.96068698429804,40.77188519955679,-73.96110217100927,1.033866,1.033866,0.0,43.03479002287488,0.5101622098591179,271.392073,0.08332,0.023398
carro_1000,HBEFA4/PC_petrol_Euro-6ab,Gasoline,2026-03-14 17:27:28,2026-03-14 17:27:28,40.775643606471235,-73.96068698429804,40.77179905059935,-73.96116588455835,1.044837,1.044837,0.0,39.496178970055745,-0.9829475146719808,271.392073,0.08332,0.023398
carro_1000,HBEFA4/PC_petrol_Euro-6ab,Gasoline,2026-03-14 17:27:28,2026-03-14 17:27:28,40.775643606471235,-73.96068698429804,40.77174643652183,-73.96119592258097,1.051309,1.051309,0.0,23.296178970055745,-4.5,271.392073,0.08332,0.023398
carro_1000,HBEFA4/PC_petrol_Euro-6ab,Gasoline,2026-03-14 17:27:28,2026-03-14 17:27:28,40.775643606471235,-73.96068698429804,40.77170257353819,-73.96115856006155,1.057499,1.057499,0.0,22.287548514211643,-0.2801751266233614,271.392073,0.08332,0.023398
carro_1000,HBEFA4/PC_petrol_Euro-6ab,Gasoline,2026-03-14 17:27:28,2026-03-14 17:27:28,40.775643606471235,-73.96068698429804,40.771668545886016,-73.96107793310946,1.065283,1.065283,0.0,28.019875225367116,1.5923129753209642,275.982836,0.084789,0.023627
carro_1000,HBEFA4/PC_petrol_Euro-6ab,Gasoline,2026-03-14 17:27:28,2026-03-14 17:27:28,40.775643606471235,-73.96068698429804,40.77162686990314,-73.96097918325097,1.074815,1.074815,0.0,34.316550198139716,1.7490763813257217,281.433523,0.086412,0.023906
carro_1000,HBEFA4/PC_petrol_Euro-6ab,Gasoline,2026-03-14 17:27:28,2026-03-14 17:27:28,40.775643606471235,-73.96068698429804,40.77157942522199,-73.96086676504547,1.085667,1.085667,0.0,39.06648838262828,1.3194272734690458,286.324898,0.087804,0.024221
carro_1000,HBEFA4/PC_petrol_Euro-6ab,Gasoline,2026-03-14 17:27:28,2026-03-14 17:27:28,40.775643606471235,-73.96068698429804,40.77152609859906,-73.96074041032081,1.097864,1.097864,0.0,43.90963984412949,1.3453198504170025,291.684441,0.08926,0.024575
carro_1000,HBEFA4/PC_petrol_Euro-6ab,Gasoline,2026-03-14 17:27:28,2026-03-14 17:27:28,40.775643606471235,-73.96068698429804,40.77147397362717,-73.96061690335686,1.109786,1.109786,0.0,42.92008059846113,-0.2748775682412088,291.684441,0.08926,0.024575
carro_1000,HBEFA4/PC_petrol_Euro-6ab,Gasoline,2026-03-14 17:27:28,2026-03-14 17:27:28,40.775643606471235,-73.96068698429804,40.77142340430309,-73.96049708288767,1.121353,1.121353,0.0,41.639046322758006,-0.35584285436198115,291.684441,0.08926,0.024575
carro_1000,HBEFA4/PC_petrol_Euro-6ab,Gasoline,2026-03-14 17:27:28,2026-03-14 17:27:28,40.775643606471235,-73.96068698429804,40.77137055499259,-73.96037186065713,1.133441,1.133441,0.0,43.51629116546239,0.5214569007512182,294.865167,0.090151,0.024922
carro_1000,HBEFA4/PC_petrol_Euro-6ab,Gasoline,2026-03-14 17:27:28,2026-03-14 17:27:28,40.775643606471235,-73.96068698429804,40.77131721635276,-73.9602454795248,1.14564,1.14564,0.0,43.91909465186174,0.11188985733315349,296.989001,0.090766,0.02527
carro_1000,HBEFA4/PC_petrol_Euro-6ab,Gasoline,2026-03-14 17:27:28,2026-03-14 17:27:28,40.775643606471235,-73.96068698429804,40.771266313278225,-73.96012486973837,1.157283,1.157283,0.0,41.91354272749151,-0.5570977567695081,296.989001,0.090766,0.02527
carro_1000,HBEFA4/PC_petrol_Euro-6ab,Gasoline,2026-03-14 17:27:28,2026-03-14 17:27:28,40.775643606471235,-73.96068698429804,40.77121329333758,-73.95999924475835,1.16941,1.16941,0.0,43.65645947411533,0.48414354072883725,300.078507,0.091633,0.025618
carro_1000,HBEFA4/PC_petrol_Euro-6ab,Gasoline,2026-03-14 17:27:28,2026-03-14 17:27:28,40.775643606471235,-73.96068698429804,40.7711638056714,-73.95988198958862,1.180729,1.180729,0.0,40.7478951406839,-0.8079345370642841,300.078507,0.091633,0.025618
carro_1000,HBEFA4/PC_petrol_Euro-6ab,Gasoline,2026-03-14 17:27:28,2026-03-14 17:27:28,40.775643606471235,-73.96068698429804,40.77113052788395,-73.959803142064,1.18834,1.18834,0.0,27.400708212836836,-3.7075519244019635,300.078507,0.091633,0.025618
carro_1000,HBEFA4/PC_petrol_Euro-6ab,Gasoline,2026-03-14 17:27:28,2026-03-14 17:27:28,40.775643606471235,-73.96068698429804,40.77110138989595,-73.95972783369612,1.195579,1.195579,0.0,26.06118691530992,-0.37208924931303144,300.078507,0.091633,0.025618
carro_1000,HBEFA4/PC_petrol_Euro-6ab,Gasoline,2026-03-14 17:27:28,2026-03-14 17:27:28,40.775643606471235,-73.96068698429804,40.77110696726238,-73.95964704377049,1.20296,1.20296,0.0,26.57037475309317,0.141441066050902,301.933083,0.09221,0.025829
carro_1000,HBEFA4/PC_petrol_Euro-6ab,Gasoline,2026-03-14 17:27:28,2026-03-14 17:27:28,40.775643606471235,-73.96068698429804,40.77116654157212,-73.9595982967573,1.210779,1.210779,0.0,28.148103122925207,0.4382578805088997,304.369796,0.092974,0.026054
carro_1000,HBEFA4/PC_petrol_Euro-6ab,Gasoline,2026-03-14 17:27:28,2026-03-14 17:27:28,40.775643606471235,-73.96068698429804,40.77124249772118,-73.95954070637755,1.22051,1.22051,0.0,35.03364441231807,1.912650358164683,310.245948,0.094709,0.02634
carro_1000,HBEFA4/PC_petrol_Euro-6ab,Gasoline,2026-03-14 17:27:28,2026-03-14 17:27:28,40.775643606471235,-73.96068698429804,40.771320900006685,-73.95946144359974,1.231592,1.231592,0.0,39.892297135712404,1.3496257564984262,315.276645,0.096127,0.026661
carro_1000,HBEFA4/PC_petrol_Euro-6ab,Gasoline,2026-03-14 17:27:28,2026-03-14 17:27:28,40.775643606471235,-73.96068698429804,40.77141159233185,-73.95939392019677,1.243159,1.243159,0.0,41.64295168781529,0.4862929311396922,318.288068,0.096985,0.026993
carro_1000,HBEFA4/PC_petrol_Euro-6ab,Gasoline,2026-03-14 17:27:28,2026-03-14 17:27:28,40.775643606471235,-73.96068698429804,40.77150501789505,-73.95932436158118,1.255075,1.255075,0.0,42.89798598971094,0.34862063941545784,320.997255,0.097756,0.027334
carro_1000,HBEFA4/PC_petrol_Euro-6ab,Gasoline,2026-03-14 17:27:28,2026-03-14 17:27:28,40.775643606471235,-73.96068698429804,40.77160065749366,-73.95925315429929,1.267274,1.267274,0.0,43.914620953536286,0.28239860106259584,323.568362,0.098487,0.027683
carro_1000,HBEFA4/PC_petrol_Euro-6ab,Gasoline,2026-03-14 17:27:28,2026-03-14 17:27:28,40.775643606471235,-73.96068698429804,40.77169437485946,-73.95918964294222,1.279008,1.279008,0.0,42.24245954548817,-0.46448928001336753,323.568362,0.098487,0.027683
carro_1000,HBEFA4/PC_petrol_Euro-6ab,Gasoline,2026-03-14 17:27:28,2026-03-14 17:27:28,40.775643606471235,-73.96068698429804,40.77180191720194,-73.95916979560988,1.290377,1.290377,0.0,40.931238947733,-0.36422794382087886,323.568362,0.098487,0.027683
carro_1000,HBEFA4/PC_petrol_Euro-6ab,Gasoline,2026-03-14 17:27:28,2026-03-14 17:27:28,40.775643606471235,-73.96068698429804,40.77189494100854,-73.9591018849965,1.302188,1.302188,0.0,42.518434657080725,0.4408876970410347,326.499902,0.099319,0.028022
carro_1000,HBEFA4/PC_petrol_Euro-6ab,Gasoline,2026-03-14 17:27:28,2026-03-14 17:27:28,40.775643606471235,-73.96068698429804,40.77199056073459,-73.95903212419061,1.314327,1.314327,0.0,43.6983188108715,0.32774559827521443,329.18257,0.100079,0.02837
carro_1000,HBEFA4/PC_petrol_Euro-6ab,Gasoline,2026-03-14 17:27:28,2026-03-14 17:27:28,40.775643606471235,-73.96068698429804,40.772086761857906,-73.9589619582742,1.326538,1.326538,0.0,43.9611955215397,0.07302130851894617,331.205306,0.100668,0.028718
carro_1000,HBEFA4/PC_petrol_Euro-6ab,Gasoline,2026-03-14 17:27:28,2026-03-14 17:27:28,40.775643606471235,-73.96068698429804,40.77217734701921,-73.95889588823661,1.338037,1.338037,0.0,41.39487906016286,-0.7128656837157905,331.205306,0.100668,0.028718
carro_1000,HBEFA4/PC_petrol_Euro-6ab,Gasoline,2026-03-14 17:27:28,2026-03-14 17:27:28,40.775643606471235,-73.96068698429804,40.77226885220351,-73.95882914694776,1.349652,1.349652,0.0,41.81532298765953,0.11678997986018658,333.293924,0.101278,0.029049
carro_1000,HBEFA4/PC_petrol_Euro-6ab,Gasoline,2026-03-14 17:27:28,2026-03-14 17:27:28,40.775643606471235,-73.96068698429804,40.77236238164554,-73.95876131680713,1.361535,1.361535,0.0,42.777781794423866,0.26734966854564846,335.790452,0.101994,0.029389
carro_1000,HBEFA4/PC_petrol_Euro-6ab,Gasoline,2026-03-14 17:27:28,2026-03-14 17:27:28,40.775643606471235,-73.96068698429804,40.7724529498882,-73.95869647782081,1.373019,1.373019,0.0,41.34275291461374,-0.3986191332805902,335.790452,0.101994,0.029389
carro_1000,HBEFA4/PC_petrol_Euro-6ab,Gasoline,2026-03-14 17:27:28,2026-03-14 17:27:28,40.775643606471235,-73.96068698429804,40.7725480059672,-73.95862891960113,1.385013,1.385013,0.0,43.179607083386436,0.5102372691035271,338.927377,0.102876,0.029734
carro_1000,HBEFA4/PC_petrol_Euro-6ab,Gasoline,2026-03-14 17:27:28,2026-03-14 17:27:28,40.775643606471235,-73.96068698429804,40.77263965242775,-73.95856378445065,1.396577,1.396577,0.0,41.630792844592285,-0.4302261774428189,338.927377,0.102876,0.029734
carro_1000,HBEFA4/PC_petrol_Euro-6ab,Gasoline,2026-03-14 17:27:28,2026-03-14 17:27:28,40.775643606471235,-73.96068698429804,40.77273408975106,-73.95849666555348,1.408493,1.408493,0.0,42.898573258536565,0.3521612260956317,341.645689,0.10365,0.030075
carro_1000,HBEFA4/PC_petrol_Euro-6ab,Gasoline,2026-03-14 17:27:28,2026-03-14 17:27:28,40.775643606471235,-73.96068698429804,40.772829577083996,-73.95842880016271,1.420542,1.420542,0.0,43.37556460026528,0.13249759492464364,343.810484,0.104276,0.030419
carro_1000,HBEFA4/PC_petrol_Euro-6ab,Gasoline,2026-03-14 17:27:28,2026-03-14 17:27:28,40.775643606471235,-73.96068698429804,40.772914654503666,-73.95836833318282,1.431277,1.431277,0.0,38.64682991752908,-1.313537411871165,343.810484,0.104276,0.030419
carro_1000,HBEFA4/PC_petrol_Euro-6ab,Gasoline,2026-03-14 17:27:28,2026-03-14 17:27:28,40.775643606471235,-73.96068698429804,40.772970024745185,-73.95833189544135,1.438166,1.438166,0.0,24.79982983578504,-3.846388911595568,343.810484,0.104276,0.030419
carro_1000,HBEFA4/PC_petrol_Euro-6ab,Gasoline,2026-03-14 17:27:28,2026-03-14 17:27:28,40.775643606471235,-73.96068698429804,40.77302300045089,-73.95836020513293,1.445177,1.445177,0.0,25.239158702423282,0.12203579628840089,345.610325,0.104838,0.03062
carro_1000,HBEFA4/PC_petrol_Euro-6ab,Gasoline,2026-03-14 17:27:28,2026-03-14 17:27:28,40.775643606471235,-73.96068698429804,40.77305379473082,-73.95843124104186,1.452089,1.452089,0.0,24.883088016757227,-0.09890852379612625,347.021274,0.105266,0.030817
carro_1000,HBEFA4/PC_petrol_Euro-6ab,Gasoline,2026-03-14 17:27:28,2026-03-14 17:27:28,40.775643606471235,-73.96068698429804,40.773091502066954,-73.95852030958284,1.460693,1.460693,0.0,30.97452218883247,1.6920650477986783,352.050601,0.106821,0.03107
carro_1000,HBEFA4/PC_petrol_Euro-6ab,Gasoline,2026-03-14 17:27:28,2026-03-14 17:27:28,40.775643606471235,-73.96068698429804,40.77313484913285,-73.95862270005938,1.470584,1.470584,0.0,35.60732173841954,1.2868887637741864,356.601254,0.108161,0.031357
carro_1000,HBEFA4/PC_petrol_Euro-6ab,Gasoline,2026-03-14 17:27:28,2026-03-14 17:27:28,40.775643606471235,-73.96068698429804,40.77318468486952,-73.95874041790827,1.481956,1.481956,0.0,40.93751241580159,1.4806085214950144,362.042357,0.109677,0.031687
carro_1000,HBEFA4/PC_petrol_Euro-6ab,Gasoline,2026-03-14 17:27:28,2026-03-14 17:27:28,40.775643606471235,-73.96068698429804,40.77323704817444,-73.95886410666228,1.493904,1.493904,0.0,43.01388542896013,0.5767702814329265,365.343618,0.110603,0.032031
carro_1000,HBEFA4/PC_petrol_Euro-6ab,Gasoline,2026-03-14 17:27:28,2026-03-14 17:27:28,40.775643606471235,-73.96068698429804,40.77328733676836,-73.95898289516165,1.505379,1.505379,0.0,41.309713232627765,-0.47338116564787924,365.343618,0.110603,0.032031
carro_1000,HBEFA4/PC_petrol_Euro-6ab,Gasoline,2026-03-14 17:27:28,2026-03-14 17:27:28,40.775643606471235,-73.96068698429804,40.773338540991865,-73.95910384698108,1.517063,1.517063,0.0,42.061961572262156,0.20895787212066352,367.670825,0.111277,0.032364
carro_1000,HBEFA4/PC_petrol_Euro-6ab,Gasoline,2026-03-14 17:27:28,2026-03-14 17:27:28,40.775643606471235,-73.96068698429804,40.7733887376481,-73.95922241924879,1.528517,1.528517,0.0,41.2343901365238,-0.22988095437176526,367.670825,0.111277,0.032364
carro_1000,HBEFA4/PC_petrol_Euro-6ab,Gasoline,2026-03-14 17:27:28,2026-03-14 17:27:28,40.775643606471235,-73.96068698429804,40.77344195754523,-73.95934813338597,1.540661,1.540661,0.0,43.71796001393224,0.6898805215023458,371.300651,0.112284,0.032714
carro_1000,HBEFA4/PC_petrol_Euro-6ab,Gasoline,2026-03-14 17:27:28,2026-03-14 17:27:28,40.775643606471235,-73.96068698429804,40.77349179748128,-73.95946586397297,1.552033,1.552033,0.0,40.941561356204254,-0.7712218493688852,371.300651,0.112284,0.032714
carro_1000,HBEFA4/PC_petrol_Euro-6ab,Gasoline,2026-03-14 17:27:28,2026-03-14 17:27:28,40.775643606471235,-73.96068698429804,40.77354497697893,-73.95959148368905,1.564168,1.564168,0.0,43.68498808538418,0.7620629803277552,375.117268,0.113341,0.033063
carro_1000,HBEFA4/PC_petrol_Euro-6ab,Gasoline,2026-03-14 17:27:28,2026-03-14 17:27:28,40.775643606471235,-73.96068698429804,40.77358786223058,-73.95969278688945,1.573954,1.573954,0.0,35.228726838329976,-2.348961457515056,375.117268,0.113341,0.033063
carro_1000,HBEFA4/PC_petrol_Euro-6ab,Gasoline,2026-03-14 17:27:28,2026-03-14 17:27:28,40.775643606471235,-73.96068698429804,40.77361127098332,-73.95974808300193,1.579295,1.579295,0.0,19.229497964853593,-4.444230242632328,375.117268,0.113341,0.033063
carro_1000,HBEFA4/PC_petrol_Euro-6ab,Gasoline,2026-03-14 17:27:28,2026-03-14 17:27:28,40.775643606471235,-73.96068698429804,40.77363338610779,-73.9598258377544,1.586367,1.586367,0.0,25.459279089873828,1.7304947569500655,379.752612,0.114874,0.033273
carro_1000,HBEFA4/PC_petrol_Euro-6ab,Gasoline,2026-03-14 17:27:28,2026-03-14 17:27:28,40.775643606471235,-73.96068698429804,40.77359671998547,-73.95989551687178,1.594188,1.594188,0.0,28.15474428777072,0.7487403327491364,382.77186,0.115827,0.0335
carro_1000,HBEFA4/PC_petrol_Euro-6ab,Gasoline,2026-03-14 17:27:28,2026-03-14 17:27:28,40.775643606471235,-73.96068698429804,40.773522040798234,-73.95994978781297,1.603654,1.603654,0.0,34.07873701239425,1.6455535346176475,387.978506,0.117382,0.033776
carro_1000,HBEFA4/PC_petrol_Euro-6ab,Gasoline,2026-03-14 17:27:28,2026-03-14 17:27:28,40.775643606471235,-73.96068698429804,40.77343893534667,-73.96001024667687,1.614197,1.614197,0.0,37.952210603658585,1.075964886462316,392.215704,0.118605,0.034081
carro_1000,HBEFA4/PC_petrol_Euro-6ab,Gasoline,2026-03-14 17:27:28,2026-03-14 17:27:28,40.775643606471235,-73.96068698429804,40.773348764105954,-73.9600758456717,1.625635,1.625635,0.0,41.17896435839932,0.89632048742798,396.22697,0.119733,0.034411
carro_1000,HBEFA4/PC_petrol_Euro-6ab,Gasoline,2026-03-14 17:27:28,2026-03-14 17:27:28,40.775643606471235,-73.96068698429804,40.77325362602496,-73.96014546483235,1.637721,1.637721,0.0,43.50725071627523,0.646746210521087,399.733398,0.12071,0.034759
carro_1000,HBEFA4/PC_petrol_Euro-6ab,Gasoline,2026-03-14 17:27:28,2026-03-14 17:27:28,40.775643606471235,-73.96068698429804,40.773162346821024,-73.96021251966538,1.649326,1.649326,0.0,41.78086988881107,-0.4795502298511565,399.733398,0.12071,0.034759
carro_1000,HBEFA4/PC_petrol_Euro-6ab,Gasoline,2026-03-14 17:27:28,2026-03-14 17:27:28,40.775643606471235,-73.96068698429804,40.773072872540375,-73.96027824836911,1.660703,1.660703,0.0,40.9546905405062,-0.22949426341801882,399.733398,0.12071,0.034759
carro_1000,HBEFA4/PC_petrol_Euro-6ab,Gasoline,2026-03-14 17:27:28,2026-03-14 17:27:28,40.775643606471235,-73.96068698429804,40.772983959466806,-73.96034248975923,1.671967,1.671967,0.0,40.550602364836884,-0.11224671546369791,401.232543,0.121164,0.035079
carro_1000,HBEFA4/PC_petrol_Euro-6ab,Gasoline,2026-03-14 17:27:28,2026-03-14 17:27:28,40.775643606471235,-73.96068698429804,40.77290476682777,-73.96044257526547,1.683737,1.683737,0.0,42.3715753651398,0.5058258334174752,404.323589,0.122038,0.035416
carro_1000,HBEFA4/PC_petrol_Euro-6ab,Gasoline,2026-03-14 17:27:28,2026-03-14 17:27:28,40.775643606471235,-73.96068698429804,40.77281375337932,-73.96050847930353,1.695271,1.695271,0.0,41.522435963171226,-0.23587205610238016,404.323589,0.122038,0.035416
carro_1000,HBEFA4/PC_petrol_Euro-6ab,Gasoline,2026-03-14 17:27:28,2026-03-14 17:27:28,40.775643606471235,-73.96068698429804,40.772723144871016,-73.96057408990895,1.706753,1.706753,0.0,41.337674236501265,-0.05132270185276866,405.982652,0.122534,0.035743
carro_1000,HBEFA4/PC_petrol_Euro-6ab,Gasoline,2026-03-14 17:27:28,2026-03-14 17:27:28,40.775643606471235,-73.96068698429804,40.77262863061295,-73.96064252848673,1.718731,1.718731,0.0,43.11954674061264,0.49496458447538316,409.077536,0.123406,0.036087
carro_1000,HBEFA4/PC_petrol_Euro-6ab,Gasoline,2026-03-14 17:27:28,2026-03-14 17:27:28,40.775643606471235,-73.96068698429804,40.77253335519239,-73.96071151799782,1.730805,1.730805,0.0,43.46678579544525,0.09645529300905764,411.150784,0.124009,0.036432
carro_1000,HBEFA4/PC_petrol_Euro-6ab,Gasoline,2026-03-14 17:27:28,2026-03-14 17:27:28,40.775643606471235,-73.96068698429804,40.77244377518368,-73.9607763983632,1.742094,1.742094,0.0,40.639828148283335,-0.7852660131005322,411.150784,0.124009,0.036432
carro_1000,HBEFA4/PC_petrol_Euro-6ab,Gasoline,2026-03-14 17:27:28,2026-03-14 17:27:28,40.775643606471235,-73.96068698429804,40.772407406415454,-73.9608378509708,1.749136,1.749136,0.0,25.35145143064138,-4.246771310456098,411.150784,0.124009,0.036432
carro_1000,HBEFA4/PC_petrol_Euro-6ab,Gasoline,2026-03-14 17:27:28,2026-03-14 17:27:28,40.775643606471235,-73.96068698429804,40.77243056060937,-73.96090776725566,1.755634,1.755634,0.0,23.39461072197583,-0.5435668635182083,411.150784,0.124009,0.036432
carro_1000,HBEFA4/PC_petrol_Euro-6ab,Gasoline,2026-03-14 17:27:28,2026-03-14 17:27:28,40.775643606471235,-73.96068698429804,40.77246410460945,-73.9609874200683,1.763319,1.763319,0.0,27.665721098970888,1.1864195491652945,414.96087,0.125227,0.036656
carro_1000,HBEFA4/PC_petrol_Euro-6ab,Gasoline,2026-03-14 17:27:28,2026-03-14 17:27:28,40.775643606471235,-73.96068698429804,40.77250559749106,-73.9610859484027,1.772825,1.772825,0.0,34.221695775058386,1.8211040766909719,420.557339,0.126895,0.036935
carro_1000,HBEFA4/PC_petrol_Euro-6ab,Gasoline,2026-03-14 17:27:28,2026-03-14 17:27:28,40.775643606471235,-73.96068698429804,40.77255323886884,-73.9611990772535,1.78374,1.78374,0.0,39.29281778538999,1.4086450028698891,425.680074,0.128347,0.037252
carro_1000,HBEFA4/PC_petrol_Euro-6ab,Gasoline,2026-03-14 17:27:28,2026-03-14 17:27:28,40.775643606471235,-73.96068698429804,40.77260937260339,-73.96133237253238,1.7966,1.7966,0.0,46.29711019758535,1.9456367811653763,432.900751,0.130245,0.037628
carro_1000,HBEFA4/PC_petrol_Euro-6ab,Gasoline,2026-03-14 17:27:28,2026-03-14 17:27:28,40.775643606471235,-73.96068698429804,40.77267375147373,-73.96148524745009,1.81135,1.81135,0.0,53.09755943779302,1.8890136778354645,440.810835,0.132207,0.03806
carro_1000,HBEFA4/PC_petrol_Euro-6ab,Gasoline,2026-03-14 17:27:28,2026-03-14 17:27:28,40.775643606471235,-73.96068698429804,40.77273856697192,-73.96163915997023,1.826199,1.826199,0.0,53.457841992569946,0.10007848743803649,443.148488,0.132851,0.038486
carro_1000,HBEFA4/PC_petrol_Euro-6ab,Gasoline,2026-03-14 17:27:28,2026-03-14 17:27:28,40.775643606471235,-73.96068698429804,40.772801387217605,-73.96178833526037,1.840591,1.840591,0.0,51.81237800224298,-0.4570733306463808,443.148488,0.132851,0.038486
carro_1000,HBEFA4/PC_petrol_Euro-6ab,Gasoline,2026-03-14 17:27:28,2026-03-14 17:27:28,40.775643606471235,-73.96068698429804,40.77286657829225,-73.96194314118652,1.855527,1.855527,0.0,53.76793707600408,0.5432108538225293,446.894892,0.133826,0.038917
carro_1000,HBEFA4/PC_petrol_Euro-6ab,Gasoline,2026-03-14 17:27:28,2026-03-14 17:27:28,40.775643606471235,-73.96068698429804,40.772921657286965,-73.96207393508848,1.868146,1.868146,0.0,45.42788286373856,-2.316681725629312,446.894892,0.133826,0.038917
carro_1000,HBEFA4/PC_petrol_Euro-6ab,Gasoline,2026-03-14 17:27:28,2026-03-14 17:27:28,40.775643606471235,-73.96068698429804,40.77296017400066,-73.96216539953515,1.87697,1.87697,0.0,31.767767586623307,-3.7944764658653476,446.894892,0.133826,0.038917
carro_1000,HBEFA4/PC_petrol_Euro-6ab,Gasoline,2026-03-14 17:27:28,2026-03-14 17:27:28,40.775643606471235,-73.96068698429804,40.77298196034015,-73.96221716670777,1.882065,1.882065,0.0,18.33993789983818,-3.729952690773646,446.894892,0.133826,0.038917
carro_1000,HBEFA4/PC_petrol_Euro-6ab,Gasoline,2026-03-14 17:27:28,2026-03-14 17:27:28,40.775643606471235,-73.96068698429804,40.77302913580196,-73.96226105394747,1.888936,1.888936,0.0,24.73609001610333,1.7767089211847633,451.551322,0.135381,0.039122
carro_1000,HBEFA4/PC_petrol_Euro-6ab,Gasoline,2026-03-14 17:27:28,2026-03-14 17:27:28,40.775643606471235,-73.96068698429804,40.77308156879529,-73.96223079461629,1.895453,1.895453,0.0,23.461775034473096,-0.3539763837861756,451.551322,0.135381,0.039122
carro_1000,HBEFA4/PC_petrol_Euro-6ab,Gasoline,2026-03-14 17:27:28,2026-03-14 17:27:28,40.775643606471235,-73.96068698429804,40.77314580326401,-73.96218430764229,1.903591,1.903591,0.0,29.298523661301285,1.6213190630078307,456.3001,0.136878,0.039361
carro_1000,HBEFA4/PC_petrol_Euro-6ab,Gasoline,2026-03-14 17:27:28,2026-03-14 17:27:28,40.775643606471235,-73.96068698429804,40.77322051236335,-73.96213023996589,1.913057,1.913057,0.0,34.076207297288626,1.327134343329817,460.824725,0.138231,0.039636
carro_1000,HBEFA4/PC_petrol_Euro-6ab,Gasoline,2026-03-14 17:27:28,2026-03-14 17:27:28,40.775643606471235,-73.96068698429804,40.77330691435396,-73.96206770985667,1.924004,1.924004,0.0,39.40956788807437,1.4814890529960394,466.131883,0.139732,0.039955
carro_1000,HBEFA4/PC_petrol_Euro-6ab,Gasoline,2026-03-14 17:27:28,2026-03-14 17:27:28,40.775643606471235,-73.96068698429804,40.77340322116207,-73.96199801129315,1.936206,1.936206,0.0,43.92736081603791,1.2549424799898716,471.255777,0.141127,0.040308
carro_1000,HBEFA4/PC_petrol_Euro-6ab,Gasoline,2026-03-14 17:27:28,2026-03-14 17:27:28,40.775643606471235,-73.96068698429804,40.773494659896315,-73.9619318356026,1.947791,1.947791,0.0,41.7069595247681,-0.6167781364638358,471.255777,0.141127,0.040308
carro_1000,HBEFA4/PC_petrol_Euro-6ab,Gasoline,2026-03-14 17:27:28,2026-03-14 17:27:28,40.775643606471235,-73.96068698429804,40.77357971586124,-73.96187027903386,1.958568,1.958568,0.0,38.795673101414145,-0.8086906731538761,471.255777,0.141127,0.040308
carro_1000,HBEFA4/PC_petrol_Euro-6ab,Gasoline,2026-03-14 17:27:28,2026-03-14 17:27:28,40.775643606471235,-73.96068698429804,40.77362751393004,-73.96182023559098,1.965492,1.965492,0.0,24.927479214891942,-3.852276079589501,471.255777,0.141127,0.040308
carro_1000,HBEFA4/PC_petrol_Euro-6ab,Gasoline,2026-03-14 17:27:28,2026-03-14 17:27:28,40.775643606471235,-73.96068698429804,40.773614054644845,-73.96174360071856,1.972429,1.972429,0.0,24.970940021537395,0.012072446290403605,472.860348,0.141621,0.040507
carro_1000,HBEFA4/PC_petrol_Euro-6ab,Gasoline,2026-03-14 17:27:28,2026-03-14 17:27:28,40.775643606471235,-73.96068698429804,40.773576507586604,-73.96165462259637,1.981022,1.981022,0.0,30.935046818126143,1.6566963323857635,477.815568,0.143154,0.040759
carro_1000,HBEFA4/PC_petrol_Euro-6ab,Gasoline,2026-03-14 17:27:28,2026-03-14 17:27:28,40.775643606471235,-73.96068698429804,40.773530426450215,-73.96154543817225,1.991561,1.991561,0.0,37.94104202736184,1.9461097803432494,484.074776,0.144944,0.041068
carro_1000,HBEFA4/PC_petrol_Euro-6ab,Gasoline,2026-03-14 17:27:28,2026-03-14 17:27:28,40.775643606471235,-73.96068698429804,40.77347925543002,-73.96142419426315,2.003264,2.003264,0.0,42.13171488299981,1.1640757932327688,488.822706,0.14626,0.041407
carro_1000,HBEFA4/PC_petrol_Euro-6ab,Gasoline,2026-03-14 17:27:28,2026-03-14 17:27:28,40.775643606471235,-73.96068698429804,40.77342353985642,-73.96129218310399,2.016007,2.016007,0.0,45.87336027326077,1.0393459417391568,493.521363,0.147525,0.041775
carro_1000,HBEFA4/PC_petrol_Euro-6ab,Gasoline,2026-03-14 17:27:28,2026-03-14 17:27:28,40.775643606471235,-73.96068698429804,40.77335922127652,-73.9611397889014,2.030717,2.030717,0.0,52.95648421991631,1.9675344296265393,501.657564,0.149541,0.042206
carro_1000,HBEFA4/PC_petrol_Euro-6ab,Gasoline,2026-03-14 17:27:28,2026-03-14 17:27:28,40.775643606471235,-73.96068698429804,40.77329699961923,-73.96099236380412,2.044947,2.044947,0.0,51.22983465390825,-0.4796248794466855,501.657564,0.149541,0.042206
carro_1000,HBEFA4/PC_petrol_Euro-6ab,Gasoline,2026-03-14 17:27:28,2026-03-14 17:27:28,40.775643606471235,-73.96068698429804,40.773230804020365,-73.96083552382281,2.060087,2.060087,0.0,54.50158816604488,0.908820420037955,506.614298,0.150794,0.042645
carro_1000,HBEFA4/PC_petrol_Euro-6ab,Gasoline,2026-03-14 17:27:28,2026-03-14 17:27:28,40.775643606471235,-73.96068698429804,40.77316657370781,-73.96068334105252,2.074777,2.074777,0.0,52.88332086401605,-0.44951869500800967,506.614298,0.150794,0.042645
carro_1000,HBEFA4/PC_petrol_Euro-6ab,Gasoline,2026-03-14 17:27:28,2026-03-14 17:27:28,40.775643606471235,-73.96068698429804,40.77310995008561,-73.96054918167195,2.087727,2.087727,0.0,46.62030097834784,-1.7397277460189464,506.614298,0.150794,0.042645
carro_1000,HBEFA4/PC_petrol_Euro-6ab,Gasoline,2026-03-14 17:27:28,2026-03-14 17:27:28,40.775643606471235,-73.96068698429804,40.77307300241562,-73.96046164120428,2.096177,2.096177,0.0,30.420300978347843,-4.5,506.614298,0.150794,0.042645
carro_1000,HBEFA4/PC_petrol_Euro-6ab,Gasoline,2026-03-14 17:27:28,2026-03-14 17:27:28,40.775643606471235,-73.96068698429804,40.77305579340934,-73.9604207242241,2.100127,2.100127,0.0,14.220300978347842,-4.5,506.614298,0.150794,0.042645
carro_1000,HBEFA4/PC_petrol_Euro-6ab,Gasoline,2026-03-14 17:27:28,2026-03-14 17:27:28,40.775643606471235,-73.96068698429804,40.773032745562,-73.96036446134939,2.105516,2.105516,0.0,19.40010503849033,1.438834461150691,510.33323,0.152113,0.042807
carro_1000,HBEFA4/PC_petrol_Euro-6ab,Gasoline,2026-03-14 17:27:28,2026-03-14 17:27:28,40.775643606471235,-73.96068698429804,40.773001908246165,-73.9602893740039,2.112723,2.112723,0.0,25.945803113207404,1.8182494651991874,515.16488,0.153703,0.043021
carro_1000,HBEFA4/PC_petrol_Euro-6ab,Gasoline,2026-03-14 17:27:28,2026-03-14 17:27:28,40.775643606471235,-73.96068698429804,40.77296576374162,-73.96020205120726,2.121117,2.121117,0.0,30.21768566967938,1.1866340434644371,519.134908,0.154938,0.043266
carro_1000,HBEFA4/PC_petrol_Euro-6ab,Gasoline,2026-03-14 17:27:28,2026-03-14 17:27:28,40.775643606471235,-73.96068698429804,40.77292046648881,-73.96009450468372,2.131493,2.131493,0.0,37.35472070576642,1.982509732246399,525.414184,0.156745,0.04357
carro_1000,HBEFA4/PC_petrol_Euro-6ab,Gasoline,2026-03-14 17:27:28,2026-03-14 17:27:28,40.775643606471235,-73.96068698429804,40.772868300009456,-73.95997064944517,2.143443,2.143443,0.0,43.019379161782744,1.5735162377823144,531.285044,0.158346,0.043918
carro_1000,HBEFA4/PC_petrol_Euro-6ab,Gasoline,2026-03-14 17:27:28,2026-03-14 17:27:28,40.775643606471235,-73.96068698429804,40.772811294589054,-73.95983530602551,2.156501,2.156501,0.0,47.0097153928319,1.1084267308469862,536.260232,0.15967,0.044296
carro_1000,HBEFA4/PC_petrol_Euro-6ab,Gasoline,2026-03-14 17:27:28,2026-03-14 17:27:28,40.775643606471235,-73.96068698429804,40.77274672131145,-73.9596819955777,2.171293,2.171293,0.0,53.25041888283584,1.7335287472233176,543.703608,0.161518,0.044728
carro_1000,HBEFA4/PC_petrol_Euro-6ab,Gasoline,2026-03-14 17:27:28,2026-03-14 17:27:28,40.775643606471235,-73.96068698429804,40.772681561568604,-73.95952729352614,2.186219,2.186219,0.0,53.7338801930713,0.13429480839873875,546.157281,0.16219,0.045157
carro_1000,HBEFA4/PC_petrol_Euro-6ab,Gasoline,2026-03-14 17:27:28,2026-03-14 17:27:28,40.775643606471235,-73.96068698429804,40.77261818674956,-73.95937682999349,2.200736,2.200736,0.0,52.2617838217,-0.40891565871424973,546.157281,0.16219,0.045157
carro_1000,HBEFA4/PC_petrol_Euro-6ab,Gasoline,2026-03-14 17:27:28,2026-03-14 17:27:28,40.775643606471235,-73.96068698429804,40.77255308822376,-73.9592222748413,2.215648,2.215648,0.0,53.683065444050214,0.39480045065283775,549.430998,0.163054,0.045587
carro_1000,HBEFA4/PC_petrol_Euro-6ab,Gasoline,2026-03-14 17:27:28,2026-03-14 17:27:28,40.775643606471235,-73.96068698429804,40.772487156702404,-73.9590657428182,2.230751,2.230751,0.0,54.36981812790581,0.19076463440433145,552.084879,0.16377,0.046021
carro_1000,HBEFA4/PC_petrol_Euro-6ab,Gasoline,2026-03-14 17:27:28,2026-03-14 17:27:28,40.775643606471235,-73.96068698429804,40.772436629756434,-73.95894578427968,2.242325,2.242325,0.0,41.66646094417923,-3.52871032881294,552.084879,0.16377,0.046021
carro_1000,HBEFA4/PC_petrol_Euro-6ab,Gasoline,2026-03-14 17:27:28,2026-03-14 17:27:28,40.775643606471235,-73.96068698429804,40.77240476669516,-73.95887013684367,2.249624,2.249624,0.0,26.27545241799928,-4.275280146161096,552.084879,0.16377,0.046021
carro_1000,HBEFA4/PC_petrol_Euro-6ab,Gasoline,2026-03-14 17:27:28,2026-03-14 17:27:28,40.775643606471235,-73.96068698429804,40.772386481921664,-73.95882671591419,2.253912,2.253912,0.0,15.43762554774424,-3.0105074639597333,552.084879,0.16377,0.046021
carro_1000,HBEFA4/PC_petrol_Euro-6ab,Gasoline,2026-03-14 17:27:28,2026-03-14 17:27:28,40.775643606471235,-73.96068698429804,40.77238111835373,-73.95875999916613,2.259899,2.259899,0.0,21.554153510987664,1.6990355453453958,556.359363,0.165256,0.046201
carro_1000,HBEFA4/PC_petrol_Euro-6ab,Gasoline,2026-03-14 17:27:28,2026-03-14 17:27:28,40.775643606471235,-73.96068698429804,40.772429040766745,-73.95871347046685,2.266642,2.266642,0.0,24.273856705843947,0.7554731096823009,559.229598,0.166195,0.046398
carro_1000,HBEFA4/PC_petrol_Euro-6ab,Gasoline,2026-03-14 17:27:28,2026-03-14 17:27:28,40.775643606471235,-73.96068698429804,40.77249102366942,-73.95866941806483,2.274463,2.274463,0.0,28.155977930079693,1.078367006732151,562.867161,0.16735,0.046626
carro_1000,HBEFA4/PC_petrol_Euro-6ab,Gasoline,2026-03-14 17:27:28,2026-03-14 17:27:28,40.775643606471235,-73.96068698429804,40.77256284620161,-73.95861837233511,2.283526,2.283526,0.0,32.625678932617895,1.2415836118161678,567.107735,0.168638,0.046889
carro_1000,HBEFA4/PC_petrol_Euro-6ab,Gasoline,2026-03-14 17:27:28,2026-03-14 17:27:28,40.775643606471235,-73.96068698429804,40.77264299108816,-73.95856141158748,2.293638,2.293638,0.0,36.406155732318304,1.0501324443612248,571.185078,0.169831,0.047181
carro_1000,HBEFA4/PC_petrol_Euro-6ab,Gasoline,2026-03-14 17:27:28,2026-03-14 17:27:28,40.775643606471235,-73.96068698429804,40.77273456692079,-73.9584963264168,2.305194,2.305194,0.0,41.59872880386888,1.4423814087640494,576.590217,0.171329,0.047517
carro_1000,HBEFA4/PC_petrol_Euro-6ab,Gasoline,2026-03-14 17:27:28,2026-03-14 17:27:28,40.775643606471235,-73.96068698429804,40.7728301559047,-73.95842838877871,2.317255,2.317255,0.0,43.42174013603355,0.5063920367124073,579.727637,0.17221,0.047863
carro_1000,HBEFA4/PC_petrol_Euro-6ab,Gasoline,2026-03-14 17:27:28,2026-03-14 17:27:28,40.775643606471235,-73.96068698429804,40.7729183242465,-73.95836572498652,2.32838,2.32838,0.0,40.05089667147533,-0.9363454068217276,579.727637,0.17221,0.047863
carro_1000,HBEFA4/PC_petrol_Euro-6ab,Gasoline,2026-03-14 17:27:28,2026-03-14 17:27:28,40.775643606471235,-73.96068698429804,40.77297599512134,-73.95832898998707,2.335513,2.335513,0.0,25.67701318139718,-3.9927454139105976,579.727637,0.17221,0.047863
carro_1000,HBEFA4/PC_petrol_Euro-6ab,Gasoline,2026-03-14 17:27:28,2026-03-14 17:27:28,40.775643606471235,-73.96068698429804,40.773026817412635,-73.9583676722103,2.342579,2.342579,0.0,25.43643140947954,-0.06682826997712255,581.197961,0.172658,0.048065
carro_1000,HBEFA4/PC_petrol_Euro-6ab,Gasoline,2026-03-14 17:27:28,2026-03-14 17:27:28,40.775643606471235,-73.96068698429804,40.77306280665164,-73.95845252808631,2.350785,2.350785,0.0,29.54443002954633,1.141110727796331,585.037125,0.173861,0.048304
carro_1000,HBEFA4/PC_petrol_Euro-6ab,Gasoline,2026-03-14 17:27:28,2026-03-14 17:27:28,40.775643606471235,-73.96068698429804,40.77310424772918,-73.95855041618512,2.360241,2.360241,0.0,34.041605005474246,1.2492152710910887,589.392466,0.175164,0.048579
carro_1000,HBEFA4/PC_petrol_Euro-6ab,Gasoline,2026-03-14 17:27:28,2026-03-14 17:27:28,40.775643606471235,-73.96068698429804,40.773152279166354,-73.95866387178862,2.371201,2.371201,0.0,39.455313300495455,1.5038078597281128,594.75719,0.17668,0.048897
carro_1000,HBEFA4/PC_petrol_Euro-6ab,Gasoline,2026-03-14 17:27:28,2026-03-14 17:27:28,40.775643606471235,-73.96068698429804,40.77320236396393,-73.95878217811054,2.38263,2.38263,0.0,41.14213767640169,0.4685623266406207,597.704272,0.177523,0.049225
carro_1000,HBEFA4/PC_petrol_Euro-6ab,Gasoline,2026-03-14 17:27:28,2026-03-14 17:27:28,40.775643606471235,-73.96068698429804,40.77325278050387,-73.95890126851435,2.394134,2.394134,0.0,41.41474650923039,0.07572467578575015,599.681522,0.178104,0.049553
carro_1000,HBEFA4/PC_petrol_Euro-6ab,Gasoline,2026-03-14 17:27:28,2026-03-14 17:27:28,40.775643606471235,-73.96068698429804,40.77330374967893,-73.95902166478973,2.405764,2.405764,0.0,41.86881066944326,0.12612893339246511,601.794856,0.178721,0.049885
carro_1000,HBEFA4/PC_petrol_Euro-6ab,Gasoline,2026-03-14 17:27:28,2026-03-14 17:27:28,40.775643606471235,-73.96068698429804,40.773356550776974,-73.95914638882634,2.417812,2.417812,0.0,43.37375762371223,0.41804082063026726,604.700852,0.179542,0.05023
carro_1000,HBEFA4/PC_petrol_Euro-6ab,Gasoline,2026-03-14 17:27:28,2026-03-14 17:27:28,40.775643606471235,-73.96068698429804,40.77340850915513,-73.95926912273453,2.429668,2.429668,0.0,42.681607208790886,-0.1922640041448176,606.017624,0.179947,0.050567
carro_1000,HBEFA4/PC_petrol_Euro-6ab,Gasoline,2026-03-14 17:27:28,2026-03-14 17:27:28,40.775643606471235,-73.96068698429804,40.773461376632106,-73.95939400458823,2.441732,2.441732,0.0,43.42850190868477,0.2074707499705255,608.378523,0.180625,0.050912
carro_1000,HBEFA4/PC_petrol_Euro-6ab,Gasoline,2026-03-14 17:27:28,2026-03-14 17:27:28,40.775643606471235,-73.96068698429804,40.77351225169816,-73.95951418051888,2.453341,2.453341,0.0,41.79191994789864,-0.45460610021837056,608.378523,0.180625,0.050912
carro_1000,HBEFA4/PC_petrol_Euro-6ab,Gasoline,2026-03-14 17:27:28,2026-03-14 17:27:28,40.775643606471235,-73.96068698429804,40.77356354527145,-73.95963534552043,2.465045,2.465045,0.0,42.13581024968873,0.09552508383058012,610.420437,0.181222,0.051246
carro_1000,HBEFA4/PC_petrol_Euro-6ab,Gasoline,2026-03-14 17:27:28,2026-03-14 17:27:28,40.775643606471235,-73.96068698429804,40.77359917130968,-73.95971950116261,2.473174,2.473174,0.0,29.26555901003707,-3.5750697887921277,610.420437,0.181222,0.051246
carro_1000,HBEFA4/PC_petrol_Euro-6ab,Gasoline,2026-03-14 17:27:28,2026-03-14 17:27:28,40.775643606471235,-73.96068698429804,40.77363011120264,-73.95980131282913,2.480897,2.480897,0.0,27.80069541521791,-0.40690655411643384,610.420437,0.181222,0.051246
carro_1000,HBEFA4/PC_petrol_Euro-6ab,Gasoline,2026-03-14 17:27:28,2026-03-14 17:27:28,40.775643606471235,-73.96068698429804,40.77361426902697,-73.9598816653555,2.488543,2.488543,0.0,27.525132589325786,-0.07654522941447794,611.887393,0.181669,0.051464
carro_1000,HBEFA4/PC_petrol_Euro-6ab,Gasoline,2026-03-14 17:27:28,2026-03-14 17:27:28,40.775643606471235,-73.96068698429804,40.77353999427669,-73.95989340523752,2.496251,2.496251,0.0,27.751698265135765,0.06293490994721651,613.615096,0.182201,0.051684
carro_1000,HBEFA4/PC_petrol_Euro-6ab,Gasoline,2026-03-14 17:27:28,2026-03-14 17:27:28,40.775643606471235,-73.96068698429804,40.77346953706363,-73.95994464661936,2.505186,2.505186,0.0,32.16295357030305,1.225348695879802,617.79063,0.183475,0.051944
carro_1000,HBEFA4/PC_petrol_Euro-6ab,Gasoline,2026-03-14 17:27:28,2026-03-14 17:27:28,40.775643606471235,-73.96068698429804,40.773384781569675,-73.96000628653582,2.515933,2.515933,0.0,38.68994864598337,1.8130541876889765,623.817566,0.185186,0.052258
carro_1000,HBEFA4/PC_petrol_Euro-6ab,Gasoline,2026-03-14 17:27:28,2026-03-14 17:27:28,40.775643606471235,-73.96068698429804,40.7732939801728,-73.96007234440202,2.527447,2.527447,0.0,41.452941094356284,0.7674979023258093,627.52376,0.186231,0.052589
carro_1000,HBEFA4/PC_petrol_Euro-6ab,Gasoline,2026-03-14 17:27:28,2026-03-14 17:27:28,40.775643606471235,-73.96068698429804,40.77320020490804,-73.96014125395172,2.539367,2.539367,0.0,42.91212716728325,0.40532946470193565,630.379307,0.18704,0.052931
carro_1000,HBEFA4/PC_petrol_Euro-6ab,Gasoline,2026-03-14 17:27:28,2026-03-14 17:27:28,40.775643606471235,-73.96068698429804,40.77311020896792,-73.96020738609806,2.550807,2.550807,0.0,41.18266602317587,-0.48040587336316243,630.379307,0.18704,0.052931
carro_1000,HBEFA4/PC_petrol_Euro-6ab,Gasoline,2026-03-14 17:27:28,2026-03-14 17:27:28,40.775643606471235,-73.96068698429804,40.77305093327049,-73.96025093530714,2.558344,2.558344,0.0,27.13372051111206,-3.902484864462169,630.379307,0.18704,0.052931
carro_1000,HBEFA4/PC_petrol_Euro-6ab,Gasoline,2026-03-14 17:27:28,2026-03-14 17:27:28,40.775643606471235,-73.96068698429804,40.77299351239721,-73.96025478614104,2.565194,2.565194,0.0,24.65819806719214,-0.6876451233110892,630.379307,0.18704,0.052931
carro_1000,HBEFA4/PC_petrol_Euro-6ab,Gasoline,2026-03-14 17:27:28,2026-03-14 17:27:28,40.775643606471235,-73.96068698429804,40.77296037252041,-73.96018925113727,2.571892,2.571892,0.0,24.112681310922056,-0.15153243229724467,630.379307,0.18704,0.052931
carro_1000,HBEFA4/PC_petrol_Euro-6ab,Gasoline,2026-03-14 17:27:28,2026-03-14 17:27:28,40.775643606471235,-73.96068698429804,40.77292413215161,-73.96010320783064,2.580193,2.580193,0.0,29.88589185282603,1.6036695949733257,635.14199,0.188531,0.053174
carro_1000,HBEFA4/PC_petrol_Euro-6ab,Gasoline,2026-03-14 17:27:28,2026-03-14 17:27:28,40.775643606471235,-73.96068698429804,40.77288293565742,-73.9600053977936,2.58963,2.58963,0.0,33.97293446354583,1.1352896140888333,639.249092,0.189762,0.053448
carro_1000,HBEFA4/PC_petrol_Euro-6ab,Gasoline,2026-03-14 17:27:28,2026-03-14 17:27:29,40.775643606471235,-73.96068698429804,40.77283510168008,-73.95989182922791,2.600588,2.600588,0.0,39.446489944514035,1.5204320780467242,644.652897,0.191289,0.053767
carro_1000,HBEFA4/PC_petrol_Euro-6ab,Gasoline,2026-03-14 17:27:28,2026-03-14 17:27:29,40.775643606471235,-73.96068698429804,40.77278049023687,-73.95976216996274,2.613097,2.613097,0.0,45.035444483552276,1.552487371955067,650.666764,0.192899,0.054131
carro_1000,HBEFA4/PC_petrol_Euro-6ab,Gasoline,2026-03-14 17:27:28,2026-03-14 17:27:29,40.775643606471235,-73.96068698429804,40.77272040888506,-73.95961952460452,2.62686,2.62686,0.0,49.54607958478868,1.2529541947878897,656.266835,0.194351,0.05453
carro_1000,HBEFA4/PC_petrol_Euro-6ab,Gasoline,2026-03-14 17:27:28,2026-03-14 17:27:29,40.775643606471235,-73.96068698429804,40.77265639879824,-73.95946755236942,2.641523,2.641523,0.0,52.785752723278335,0.8999092051360158,661.067202,0.195581,0.054955
carro_1000,HBEFA4/PC_petrol_Euro-6ab,Gasoline,2026-03-14 17:27:28,2026-03-14 17:27:29,40.775643606471235,-73.96068698429804,40.77259196825623,-73.95931458266367,2.656282,2.656282,0.0,53.132315680390086,0.09626748808659613,663.383584,0.196221,0.055379
carro_1000,HBEFA4/PC_petrol_Euro-6ab,Gasoline,2026-03-14 17:27:28,2026-03-14 17:27:29,40.775643606471235,-73.96068698429804,40.77252712370329,-73.95916063080206,2.671136,2.671136,0.0,53.47356122267046,0.09479042841121554,665.705075,0.196862,0.055805
carro_1000,HBEFA4/PC_petrol_Euro-6ab,Gasoline,2026-03-14 17:27:28,2026-03-14 17:27:29,40.775643606471235,-73.96068698429804,40.77246475316678,-73.95901255340998,2.685423,2.685423,0.0,51.43322507401625,-0.5667600412928362,665.705075,0.196862,0.055805
carro_1000,HBEFA4/PC_petrol_Euro-6ab,Gasoline,2026-03-14 17:27:28,2026-03-14 17:27:29,40.775643606471235,-73.96068698429804,40.772418726665244,-73.95890327977344,2.695966,2.695966,0.0,37.95518471931736,-3.7439000985274706,665.705075,0.196862,0.055805
carro_1000,HBEFA4/PC_petrol_Euro-6ab,Gasoline,2026-03-14 17:27:28,2026-03-14 17:27:29,40.775643606471235,-73.96068698429804,40.77239278123737,-73.95884167609302,2.702009,2.702009,0.0,21.755184719317356,-4.5,665.705075,0.196862,0.055805
carro_1000,HBEFA4/PC_petrol_Euro-6ab,Gasoline,2026-03-14 17:27:28,2026-03-14 17:27:29,40.775643606471235,-73.96068698429804,40.77237746930887,-73.9587681399864,2.708642,2.708642,0.0,23.880462620730988,0.5903549726148984,668.279574,0.1977,0.055998
carro_1000,HBEFA4/PC_petrol_Euro-6ab,Gasoline,2026-03-14 17:27:28,2026-03-14 17:27:29,40.775643606471235,-73.96068698429804,40.77242163803294,-73.95871873172106,2.715248,2.715248,0.0,23.77916785650655,-0.02813743450678885,669.804636,0.198168,0.056187
carro_1000,HBEFA4/PC_petrol_Euro-6ab,Gasoline,2026-03-14 17:27:28,2026-03-14 17:27:29,40.775643606471235,-73.96068698429804,40.772486128588675,-73.95867289709324,2.723385,2.723385,0.0,29.29508836115479,1.5322001401800662,674.381552,0.19961,0.056426
carro_1000,HBEFA4/PC_petrol_Euro-6ab,Gasoline,2026-03-14 17:27:28,2026-03-14 17:27:29,40.775643606471235,-73.96068698429804,40.77256108458054,-73.95861962435646,2.732843,2.732843,0.0,34.049065252530866,1.320549136493355,678.890069,0.200959,0.056701
carro_1000,HBEFA4/PC_petrol_Euro-6ab,Gasoline,2026-03-14 17:27:28,2026-03-14 17:27:29,40.775643606471235,-73.96068698429804,40.772651199820075,-73.95855557745068,2.744214,2.744214,0.0,40.93523163073465,1.9128239939454943,685.399487,0.202763,0.057034
carro_1000,HBEFA4/PC_petrol_Euro-6ab,Gasoline,2026-03-14 17:27:28,2026-03-14 17:27:29,40.775643606471235,-73.96068698429804,40.772747114636815,-73.95848740843367,2.756317,2.756317,0.0,43.56973377942915,0.7318061524151407,689.130737,0.203798,0.057382
carro_1000,HBEFA4/PC_petrol_Euro-6ab,Gasoline,2026-03-14 17:27:28,2026-03-14 17:27:29,40.775643606471235,-73.96068698429804,40.77283757235585,-73.95842311769971,2.767731,2.767731,0.0,41.09084120096515,-0.688581271795556,689.130737,0.203798,0.057382
carro_1000,HBEFA4/PC_petrol_Euro-6ab,Gasoline,2026-03-14 17:27:28,2026-03-14 17:27:29,40.775643606471235,-73.96068698429804,40.77292540093745,-73.95836069536905,2.778813,2.778813,0.0,39.89656034220518,-0.33174468298888193,689.130737,0.203798,0.057382
carro_1000,HBEFA4/PC_petrol_Euro-6ab,Gasoline,2026-03-14 17:27:28,2026-03-14 17:27:29,40.775643606471235,-73.96068698429804,40.77298128536014,-73.95832823714078,2.785655,2.785655,0.0,24.629081196119497,-4.240966429468244,689.130737,0.203798,0.057382
carro_1000,HBEFA4/PC_petrol_Euro-6ab,Gasoline,2026-03-14 17:27:28,2026-03-14 17:27:29,40.775643606471235,-73.96068698429804,40.773028671508875,-73.9583720164113,2.792539,2.792539,0.0,24.784481089995662,0.04316663718782365,690.787358,0.204311,0.057579
carro_1000,HBEFA4/PC_petrol_Euro-6ab,Gasoline,2026-03-14 17:27:28,2026-03-14 17:27:29,40.775643606471235,-73.96068698429804,40.77306735963596,-73.95846328268937,2.801364,2.801364,0.0,31.769717651014634,1.940343489171937,696.391801,0.206029,0.057839
carro_1000,HBEFA4/PC_petrol_Euro-6ab,Gasoline,2026-03-14 17:27:28,2026-03-14 17:27:29,40.775643606471235,-73.96068698429804,40.77311476744138,-73.95857526488048,2.812182,2.812182,0.0,38.94296338219703,1.9925682586617768,702.871016,0.207861,0.058156
carro_1000,HBEFA4/PC_petrol_Euro-6ab,Gasoline,2026-03-14 17:27:28,2026-03-14 17:27:29,40.775643606471235,-73.96068698429804,40.77316508857392,-73.95869412910753,2.823664,2.823664,0.0,41.33620126202579,0.6647882999524324,706.314835,0.208836,0.058486
carro_1000,HBEFA4/PC_petrol_Euro-6ab,Gasoline,2026-03-14 17:27:28,2026-03-14 17:27:29,40.775643606471235,-73.96068698429804,40.77321688701195,-73.95881648338485,2.835484,2.835484,0.0,42.549834685417515,0.33712039538659155,708.982608,0.209598,0.058824
carro_1000,HBEFA4/PC_petrol_Euro-6ab,Gasoline,2026-03-14 17:27:28,2026-03-14 17:27:29,40.775643606471235,-73.96068698429804,40.77326936077812,-73.95894043337407,2.847457,2.847457,0.0,43.10469022124882,0.15412653773091733,711.196784,0.210238,0.059166
carro_1000,HBEFA4/PC_petrol_Euro-6ab,Gasoline,2026-03-14 17:27:28,2026-03-14 17:27:29,40.775643606471235,-73.96068698429804,40.773319136291896,-73.95905801020206,2.858815,2.858815,0.0,40.88830448604997,-0.6156627042219043,711.196784,0.210238,0.059166
carro_1000,HBEFA4/PC_petrol_Euro-6ab,Gasoline,2026-03-14 17:27:28,2026-03-14 17:27:29,40.775643606471235,-73.96068698429804,40.77337150538342,-73.9591817139214,2.870765,2.870765,0.0,43.018914564157534,0.5918361328076571,714.537113,0.211175,0.05951
carro_1000,HBEFA4/PC_petrol_Euro-6ab,Gasoline,2026-03-14 17:27:28,2026-03-14 17:27:29,40.775643606471235,-73.96068698429804,40.77342225160762,-73.95930158466429,2.882344,2.882344,0.0,41.685902581381306,-0.37028110632672906,714.537113,0.211175,0.05951
carro_1000,HBEFA4/PC_petrol_Euro-6ab,Gasoline,2026-03-14 17:27:28,2026-03-14 17:27:29,40.775643606471235,-73.96068698429804,40.77347168909256,-73.95941836441061,2.893625,2.893625,0.0,40.61092495053883,-0.29860489745624363,714.537113,0.211175,0.05951
carro_1000,HBEFA4/PC_petrol_Euro-6ab,Gasoline,2026-03-14 17:27:28,2026-03-14 17:27:29,40.775643606471235,-73.96068698429804,40.77352454063813,-73.95954320924649,2.905685,2.905685,0.0,43.41554563466336,0.7790613011457026,718.382676,0.212241,0.059857
carro_1000,HBEFA4/PC_petrol_Euro-6ab,Gasoline,2026-03-14 17:27:28,2026-03-14 17:27:29,40.775643606471235,-73.96068698429804,40.77357105949963,-73.95965309557168,2.9163,2.9163,0.0,38.213575698173685,-1.4449916490249102,718.382676,0.212241,0.059857
carro_1000,HBEFA4/PC_petrol_Euro-6ab,Gasoline,2026-03-14 17:27:28,2026-03-14 17:27:29,40.775643606471235,-73.96068698429804,40.773603703929645,-73.95973020811068,2.923749,2.923749,0.0,26.816278625297446,-3.165915853576732,718.382676,0.212241,0.059857
carro_1000,HBEFA4/PC_petrol_Euro-6ab,Gasoline,2026-03-14 17:27:28,2026-03-14 17:27:29,40.775643606471235,-73.96068698429804,40.773642305275374,-73.95982233882214,2.932629,2.932629,0.0,31.970849191415212,1.4318251572549352,722.967421,0.213643,0.060116
carro_1000,HBEFA4/PC_petrol_Euro-6ab,Gasoline,2026-03-14 17:27:28,2026-03-14 17:27:29,40.775643606471235,-73.96068698429804,40.773686881962476,-73.9599289997869,2.942901,2.942901,0.0,36.97820962678557,1.3909334542695433,727.857808,0.215061,0.060415
carro_1000,HBEFA4/PC_petrol_Euro-6ab,Gasoline,2026-03-14 17:27:28,2026-03-14 17:27:29,40.775643606471235,-73.96068698429804,40.773739882307524,-73.96005484679321,2.955041,2.955041,0.0,43.705091656855004,1.8685783416859536,734.566846,0.216871,0.060769
carro_1000,HBEFA4/PC_petrol_Euro-6ab,Gasoline,2026-03-14 17:27:28,2026-03-14 17:27:29,40.775643606471235,-73.96068698429804,40.773790070599,-73.96017378271594,2.966521,2.966521,0.0,41.32793087756138,-0.660322438692674,734.566846,0.216871,0.060769
carro_1000,HBEFA4/PC_petrol_Euro-6ab,Gasoline,2026-03-14 17:27:28,2026-03-14 17:27:29,40.775643606471235,-73.96068698429804,40.77384145207077,-73.96029554671442,2.978274,2.978274,0.0,42.31056736942257,0.272954581072554,737.06345,0.217589,0.061106
carro_1000,HBEFA4/PC_petrol_Euro-6ab,Gasoline,2026-03-14 17:27:28,2026-03-14 17:27:29,40.775643606471235,-73.96068698429804,40.773892997635585,-73.96041770007326,2.990065,2.990065,0.0,42.445796187332526,0.03756356053054333,738.964294,0.218148,0.061442
carro_1000,HBEFA4/PC_petrol_Euro-6ab,Gasoline,2026-03-14 17:27:28,2026-03-14 17:27:29,40.775643606471235,-73.96068698429804,40.77394506517149,-73.96054109090642,3.001975,3.001975,0.0,42.875725935603185,0.11942493007518351,741.083588,0.218764,0.061782
carro_1000,HBEFA4/PC_petrol_Euro-6ab,Gasoline,2026-03-14 17:27:28,2026-03-14 17:27:29,40.775643606471235,-73.96068698429804,40.77399621886725,-73.96066231659005,3.013676,3.013676,0.0,42.12331604484345,-0.20900274743326008,742.354149,0.219156,0.062114
carro_1000,HBEFA4/PC_petrol_Euro-6ab,Gasoline,2026-03-14 17:27:28,2026-03-14 17:27:29,40.775643606471235,-73.96068698429804,40.77404829634965,-73.96078573199182,3.025588,3.025588,0.0,42.884128925128536,0.21133691119030118,744.709924,0.219835,0.062455
carro_1000,HBEFA4/PC_petrol_Euro-6ab,Gasoline,2026-03-14 17:27:28,2026-03-14 17:27:29,40.775643606471235,-73.96068698429804,40.77409864391034,-73.96090504823087,3.037104,3.037104,0.0,41.459696003905194,-0.39567581145092845,744.709924,0.219835,0.062455
carro_1000,HBEFA4/PC_petrol_Euro-6ab,Gasoline,2026-03-14 17:27:28,2026-03-14 17:27:29,40.775643606471235,-73.96068698429804,40.77414843188316,-73.96102303879216,3.048493,3.048493,0.0,40.99899077379953,-0.1279736750293523,746.174703,0.220279,0.062778
carro_1000,HBEFA4/PC_petrol_Euro-6ab,Gasoline,2026-03-14 17:27:28,2026-03-14 17:27:29,40.775643606471235,-73.96068698429804,40.77419824467482,-73.96114108863082,3.059887,3.059887,0.0,41.019526409747705,0.005704343318939209,747.97072,0.220812,0.063103
